{
  "_fv": 17,
  "_type": "structure",
  "definition": {
    "structure": "house",
    "randomlyRotateStructure": true,
    "surfaceDetectionType": "First motion blocking block",
    "spawnProbability": 22000,
    "minCountPerChunk": 1,
    "maxCountPerChunk": 1,
    "spawnLocation": "Ground",
    "spawnHeightOffset": 0,
    "spawnXOffset": 0,
    "spawnZOffset": 0,
    "spawnWorldTypes": [
      "Surface"
    ],
    "restrictionBlocks": [
      {
        "value": "Blocks.GRASS"
      },
      {
        "value": "Blocks.GRAVEL"
      },
      {
        "value": "Blocks.SAND#0"
      }
    ],
    "restrictionBiomes": [
      {
        "value": "CUSTOM:SakuraForest"
      },
      {
        "value": "forest"
      },
      {
        "value": "mountains"
      },
      {
        "value": "jungle"
      },
      {
        "value": "deep_cold_ocean"
      }
    ],
    "ignoreBlocks": "STRUCTURE_BLOCK"
  }
}