{
  "_fv": 17,
  "_type": "recipe",
  "definition": {
    "recipeType": "Crafting",
    "xpReward": 0.0,
    "cookingTime": 200,
    "recipeRetstackSize": 8,
    "group": "",
    "recipeShapeless": false,
    "recipeSlots": [
      {
        "value": "Blocks.LEAVES#0"
      },
      {
        "value": "Blocks.LEAVES#0"
      },
      {
        "value": "Blocks.LEAVES#0"
      },
      {
        "value": "Blocks.LEAVES#0"
      },
      {
        "value": "CUSTOM:Cherry"
      },
      {
        "value": "Blocks.LEAVES#0"
      },
      {
        "value": "Blocks.LEAVES#0"
      },
      {
        "value": "Blocks.LEAVES#0"
      },
      {
        "value": "Blocks.LEAVES#0"
      }
    ],
    "recipeReturnStack": {
      "value": "CUSTOM:SakuraLeaves"
    },
    "name": "sakura_l_eaves_recipe",
    "namespace": "mod"
  }
}