{
  "_fv": 17,
  "_type": "biome",
  "definition": {
    "name": "Tropical Plains",
    "groundBlock": {
      "value": "Blocks.GRASS"
    },
    "undergroundBlock": {
      "value": "Blocks.DIRT#0"
    },
    "grassColor": {
      "value": -13382656,
      "falpha": 0.0
    },
    "foliageColor": {
      "value": -13382656,
      "falpha": 0.0
    },
    "waterColor": {
      "value": -10027009,
      "falpha": 0.0
    },
    "ambientSound": {
      "value": ""
    },
    "additionsSound": {
      "value": ""
    },
    "music": {
      "value": ""
    },
    "moodSound": {
      "value": ""
    },
    "moodSoundDelay": 6000,
    "spawnParticles": false,
    "particleToSpawn": {
      "value": "EXPLOSION_NORMAL"
    },
    "particlesProbability": 0.5,
    "biomeCategory": "JUNGLE",
    "parent": {
      "value": "jungle_edge"
    },
    "rainingPossibility": 1.0,
    "temperature": 0.7999999999999999,
    "baseHeight": 0.1,
    "heightVariation": 0.2,
    "biomeType": "WARM",
    "spawnBiome": true,
    "biomeWeight": 15,
    "biomeDictionaryTypes": [],
    "grassPerChunk": 6,
    "seagrassPerChunk": 0,
    "flowersPerChunk": 6,
    "mushroomsPerChunk": 0,
    "bigMushroomsChunk": 0,
    "sandPatchesPerChunk": 0,
    "gravelPatchesPerChunk": 0,
    "reedsPerChunk": 5,
    "cactiPerChunk": 0,
    "treesPerChunk": 0,
    "vanillaTreeType": "Default",
    "treeType": 0,
    "minHeight": 7,
    "maxWaterDepth": 0,
    "treeStem": {
      "value": ""
    },
    "treeBranch": {
      "value": ""
    },
    "treeVines": {
      "value": ""
    },
    "treeFruits": {
      "value": ""
    },
    "spawnStronghold": true,
    "spawnMineshaft": true,
    "spawnPillagerOutpost": true,
    "villageType": "plains",
    "spawnWoodlandMansion": false,
    "spawnJungleTemple": true,
    "spawnDesertPyramid": false,
    "spawnIgloo": false,
    "spawnOceanMonument": false,
    "spawnShipwreck": false,
    "oceanRuinType": "WARM",
    "defaultFeatures": [
      "Caves",
      "Ores"
    ],
    "spawnEntries": []
  }
}