{
  "_fv": 15,
  "_type": "enchantment",
  "definition": {
    "name": "Cherryharvester",
    "type": "DIGGER",
    "rarity": "COMMON",
    "minLevel": 14,
    "maxLevel": 30,
    "damageModifier": 0,
    "compatibleEnchantments": [],
    "compatibleItems": [
      {
        "value": "Items.WOODEN_HOE"
      },
      {
        "value": "Items.STONE_HOE"
      },
      {
        "value": "Items.IRON_HOE"
      },
      {
        "value": "Items.GOLDEN_HOE"
      },
      {
        "value": "Items.DIAMOND_HOE"
      },
      {
        "value": "Items.NETHERITE_HOE"
      }
    ],
    "isTreasureEnchantment": false,
    "isCurse": false,
    "isAllowedOnBooks": true
  }
}