{
  "_fv": 15,
  "_type": "biome",
  "definition": {
    "name": "Cold Desert",
    "groundBlock": {
      "value": "Blocks.SAND#0"
    },
    "undergroundBlock": {
      "value": "Blocks.SANDSTONE#0"
    },
    "ambientSound": {
      "value": ""
    },
    "additionsSound": {
      "value": ""
    },
    "music": {
      "value": ""
    },
    "moodSound": {
      "value": ""
    },
    "moodSoundDelay": 6000,
    "spawnParticles": true,
    "particleToSpawn": {
      "value": "WHITE_ASH"
    },
    "particlesProbability": 0.5,
    "biomeCategory": "TAIGA",
    "parent": {
      "value": "desert"
    },
    "rainingPossibility": 0.0,
    "temperature": 0.5,
    "baseHeight": 0.1,
    "heightVariation": 0.2,
    "biomeType": "ICY",
    "spawnBiome": true,
    "biomeWeight": 13,
    "biomeDictionaryTypes": [],
    "grassPerChunk": 0,
    "seagrassPerChunk": 0,
    "flowersPerChunk": 0,
    "mushroomsPerChunk": 0,
    "bigMushroomsChunk": 0,
    "sandPatchesPerChunk": 0,
    "gravelPatchesPerChunk": 0,
    "reedsPerChunk": 2,
    "cactiPerChunk": 3,
    "treesPerChunk": 0,
    "vanillaTreeType": "Default",
    "treeType": 1,
    "minHeight": 7,
    "maxWaterDepth": 0,
    "treeStem": {
      "value": "Blocks.AIR"
    },
    "treeBranch": {
      "value": "Blocks.AIR"
    },
    "treeVines": {
      "value": "Blocks.AIR"
    },
    "treeFruits": {
      "value": "Blocks.AIR"
    },
    "spawnStronghold": true,
    "spawnMineshaft": true,
    "spawnPillagerOutpost": true,
    "villageType": "desert",
    "spawnWoodlandMansion": false,
    "spawnJungleTemple": false,
    "spawnDesertPyramid": true,
    "spawnIgloo": false,
    "spawnOceanMonument": false,
    "spawnShipwreck": true,
    "oceanRuinType": "COLD",
    "defaultFeatures": [
      "Caves",
      "Ores",
      "DeadBushes",
      "DesertFeatures"
    ],
    "spawnEntries": []
  }
}