{
  "_fv": 15,
  "_type": "biome",
  "definition": {
    "name": "Sakura Forest",
    "groundBlock": {
      "value": "Blocks.GRASS"
    },
    "undergroundBlock": {
      "value": "Blocks.DIRT#0"
    },
    "foliageColor": {
      "value": -39169,
      "falpha": 0.0
    },
    "ambientSound": {
      "value": ""
    },
    "additionsSound": {
      "value": ""
    },
    "music": {
      "value": ""
    },
    "moodSound": {
      "value": ""
    },
    "moodSoundDelay": 6000,
    "spawnParticles": false,
    "particleToSpawn": {
      "value": "EXPLOSION_NORMAL"
    },
    "particlesProbability": 0.5,
    "biomeCategory": "PLAINS",
    "parent": {
      "value": "forest"
    },
    "rainingPossibility": 0.7,
    "temperature": 0.7,
    "baseHeight": 0.1,
    "heightVariation": 0.2,
    "biomeType": "WARM",
    "spawnBiome": true,
    "biomeWeight": 15,
    "biomeDictionaryTypes": [],
    "grassPerChunk": 4,
    "seagrassPerChunk": 0,
    "flowersPerChunk": 8,
    "mushroomsPerChunk": 0,
    "bigMushroomsChunk": 0,
    "sandPatchesPerChunk": 0,
    "gravelPatchesPerChunk": 0,
    "reedsPerChunk": 0,
    "cactiPerChunk": 0,
    "treesPerChunk": 6,
    "vanillaTreeType": "Default",
    "treeType": 1,
    "minHeight": 7,
    "maxWaterDepth": 0,
    "treeStem": {
      "value": "Blocks.LOG2#1"
    },
    "treeBranch": {
      "value": "CUSTOM:SakuraLeaves"
    },
    "treeVines": {
      "value": "Blocks.AIR"
    },
    "treeFruits": {
      "value": "Blocks.AIR"
    },
    "spawnStronghold": false,
    "spawnMineshaft": false,
    "spawnPillagerOutpost": false,
    "villageType": "none",
    "spawnWoodlandMansion": false,
    "spawnJungleTemple": false,
    "spawnDesertPyramid": false,
    "spawnIgloo": false,
    "spawnOceanMonument": false,
    "spawnShipwreck": false,
    "oceanRuinType": "NONE",
    "defaultFeatures": [
      "Caves",
      "Ores"
    ],
    "spawnEntries": []
  }
}