{
  "group": "betterbiomesrewrite",
  "type": "minecraft:crafting_shaped",
  "pattern": [
    "012",
    "345",
    "678"
  ],
  "key": {
    "0": {
      "item": "minecraft:oak_leaves"
    },
    "1": {
      "item": "minecraft:oak_leaves"
    },
    "2": {
      "item": "minecraft:oak_leaves"
    },
    "3": {
      "item": "minecraft:oak_leaves"
    },
    "4": {
      "item": "betterbiomesrewrite:cherry"
    },
    "5": {
      "item": "minecraft:oak_leaves"
    },
    "6": {
      "item": "minecraft:oak_leaves"
    },
    "7": {
      "item": "minecraft:oak_leaves"
    },
    "8": {
      "item": "minecraft:oak_leaves"
    }
  },
  "result": {
    "item": "betterbiomesrewrite:sakura_leaves",
    "count": 8
  }
}